name,address,street,city_state_zip,country,latitude,longitude,rating,review_count,website,phone,place_id,categories,timezone
CrossFit Santa Barbara,"CrossFit Santa Barbara, 264 Orange Ave, Goleta, CA 93117, United States",264 Orange Ave,"Goleta, CA 93117",United States,34.4346713,-119.82860749999999,5,60,http://www.crossfitsantabarbara.com/,+1 805-699-6561,ChIJLbMv1YgT6YARy8Pak7Phm2M,"Fitness centre, Gym, Personal trainer, Physical Fitness Programme, Recreation Centre",America/Los_Angeles
CrossFit Golden Gate,"CrossFit Golden Gate, 1946 Van Ness Ave, San Francisco, CA 94109, United States",1946 Van Ness Ave,"San Francisco, CA 94109",United States,37.793802,-122.422607,4.9,183,http://crossfitgoldengate.com/,+1 415-609-4002,ChIJ82O32Sl-j4AR-OR3Ac14U9g,"Gym, Fitness centre, Personal trainer, Physical Fitness Programme, Sports club, Weightlifting area",America/Los_Angeles
CrossFit Parque das Nações,"CrossFit Parque das Nações, Estrada da Circunvalação, R. Salgueiro Maia 22B, 2685-311, Portugal",Estrada da Circunvalação,R. Salgueiro Maia 22B,2685-311,38.784439,-9.1309642,4.8,97,http://www.pdncrossfit.com/,+351 917 908 041,ChIJ7Rt8ydIzGQ0R6zFm5Ahx57o,Gym,Europe/Lisbon
CrossFit am See,"CrossFit am See, Anton-Sommer-Straße 7, 88046 Friedrichshafen, Germany",Anton-Sommer-Straße 7,88046 Friedrichshafen,Germany,47.651234099999996,9.5032373,5,55,http://www.crossfitamsee.de/,+49 160 92216098,ChIJd6gjf9kAm0cR_UJ2a3C36-4,"Physical Fitness Programme, Fitness centre, Gym",Europe/Berlin
CrossFit Riga,"CrossFit Riga, Ūdens iela 16, Kurzemes rajons, Rīga, LV-1007, Latvia",Ūdens iela 16,"Kurzemes rajons, Rīga, LV-1007",Latvia,56.9561843,24.072959899999997,4.9,142,http://www.crossfitriga.lv/,+371 26 675 530,ChIJ6wTQguPP7kYR91gPFdO59h8,Gym,Europe/Riga
CrossFit Dungeon - Gym Cairns,"CrossFit Dungeon - Gym Cairns, 2/261-273 McCormack St, Manunda QLD 4870, Australia",2/261-273 McCormack St,Manunda QLD 4870,Australia,-16.915153099999998,145.7448503,5,85,http://crossfitdungeon.com/,+61 489 267 040,ChIJ0U7-nDpkeGkRinXPdcj4JKw,"Gym, Fitness centre, Nutritionist, Personal trainer, Physical Fitness Programme, Weight-Loss Service, Weightlifting area, Yoga instructor",Australia/Brisbane
Gain Forth Barbell Club,"Unit 38, Gain Forth Barbell Club, Belfast BT13 2AU",Unit 38,Belfast,BT13 2AU,54.6018828,-5.948359399999999,4.9,51,https://gainforth.com/,07388 823540,ChIJW-Gq3GUIYUgRREvdW3QcwUE,"Gym, Boxing Gym, Fitness centre, Physical Fitness Programme, Weightlifting area",Europe/London
CrossFit FNC,"CrossFit FNC, Estr. Luso Brasileira 47B, 9050-284 Funchal, Portugal",Estr. Luso Brasileira 47B,9050-284 Funchal,Portugal,32.6673599,-16.9010651,4.8,136,http://www.crossfitfnc.com/,+351 965 457 172,ChIJHz6Q44hfYAwRCxA08GyLuRE,"Gym, Sports club",Europe/Lisbon
MIGHTY GYM H24 Giardini Naxos,"MIGHTY GYM H24 Giardini Naxos, Via Bruderi, 98039 Chianchitta ME, Italy",Via Bruderi,98039 Chianchitta ME,Italy,37.8294016,15.259112199999999,4.9,19,,+39 347 669 1144,ChIJbey_1O0RFBMRFoaCOTkeDQc,Gym,Europe/Rome
Sirocco Athletics Marrakech,"Sirocco Athletics Marrakech, شارع الدارالبيضاء، Marrakech, Morocco",شارع الدارالبيضاء,Marrakech,Morocco,31.637504,-8.0149895,4.8,244,https://www.sirocco-athletics.com/,+212 6 65 77 64 77,ChIJX-N5wQ3vrw0RoYF7mo_BLAc,"Gym, Coaching center",Africa/Casablanca
CrossFit Rhein-Neckar,"CrossFit Rhein-Neckar, Industriestraße 39, 68169 Mannheim, Germany",Industriestraße 39,68169 Mannheim,Germany,49.513247799999995,8.4700144,4.8,155,https://www.crossfit-rhein-neckar.de/,+49 1573 5992859,ChIJLd_2lM_Nl0cR95PtuLmtENw,"Fitness centre, Health consultant, Physical Fitness Programme, Sports complex",Europe/Berlin
PFP,"PFP, Oaktree Place, Manaton Cl, Exeter EX2 8WA",Oaktree Place,Manaton Cl,Exeter,50.697943699999996,-3.5258152,4.9,47,http://www.pfpgyms.co.uk/,07814 604317,ChIJoyg8RJembUgR-1s73154VP8,Gym,Europe/London
RAGTAG Training,"141 Cecil St, #01-01 RAGTAG Training, Tung Ann Association Building, Singapore 069541",141 Cecil St,#01-01,Tung Ann Association Building,1.2792636,103.8483789,5,12,http://ragtagtraining.com/,,ChIJSa19EbsZ2jERI969MHZ3FLI,Gym,Asia/Singapore
Training Room,"Training Room, 45 Triq it-Targa, Naxxar NXR 6613, Malta",45 Triq it-Targa,Naxxar NXR 6613,Malta,35.933788199999995,14.4463264,4.8,85,https://www.trainingroommalta.com/,+356 9946 0084,ChIJeXZSJv9ODhMRbwswk4fxZBU,Gym,Europe/Malta
"Crossfit Arch | Fitness Studio, Hyrox Studio & CrossFit Wien, 1190","Crossfit Arch | Fitness Studio, Hyrox Studio & CrossFit Wien, 1190, Heiligenstädter Str. 31, 1190 Wien, Austria",Heiligenstädter Str. 31,1190 Wien,Austria,48.234908999999995,16.355427,4.8,142,http://www.crossfitarch.com/,+43 1 3616800,ChIJwwSdv88HbUcRES4PCI1AC0s,"Gym, Physical Fitness Programme, Yoga studio",Europe/Vienna
Berlin Strength,"Berlin Strength, Revaler Str. 99/Halle 8.1, 10245 Berlin, Germany",Revaler Str. 99/Halle 8.1,10245 Berlin,Germany,52.507498999999996,13.455393599999999,4.8,228,http://www.berlinstrength.de/,+49 1520 9260619,ChIJW5V71VtOqEcRubO4rbFPAHY,Fitness centre,Europe/Berlin
Bambu Fitness Bali,"Bambu Fitness Bali, Jl. Pantai Bingin No.8, Bingin, South Kuta, Bali 80361, Indonesia",Jl. Pantai Bingin No.8,Bingin,South Kuta,-8.8116433,115.114007,4.7,1522,http://www.bambufitnessbali.com/,+62 812-4499-7721,ChIJiWAIKBRF0i0Rb3F0u26TsSY,"Gym, Cafe, Restaurant",Asia/Makassar
Fit On Lanta,"Fit On Lanta, 1037 Moo.2 Ban, Sala Dan, Ko Lanta District, Krabi 81150, Thailand",1037 Moo.2 Ban,"Sala Dan, Ko Lanta District",Krabi 81150,7.6041637,99.0369094,4.9,160,http://www.fitonlanta.com/,+66 92 458 5455,ChIJMSEplp8ETjARAb9nmzbBoA4,Gym,Asia/Bangkok
CrossFit Chiang Mai / CFCNX,"CrossFit Chiang Mai / CFCNX, 47 Chotana Rd, Mueang Chiang Mai District, Chiang Mai 50300, Thailand",47 Chotana Rd,Mueang Chiang Mai District,Chiang Mai 50300,18.8161403,98.98061059999999,4.9,328,http://cfcnxfitness.com/,+66 82 381 4938,ChIJL0kMpPM62jAR6EHwzZTp3uA,Gym,Asia/Bangkok
Raw Iron CrossFit,"Raw Iron CrossFit, 38 Commercial Dr, Ashmore QLD 4214, Australia",38 Commercial Dr,Ashmore QLD 4214,Australia,-27.978279299999997,153.3897931,4.9,85,https://rawiron.com.au/,+61 415 388 722,ChIJLQR-eqsakWsRalKoKMBYzJQ,"Gym, Fitness centre, Personal trainer, Sports club",Australia/Brisbane
Manapany,"Manapany, ZA des gregues, 7A Rue Jean Cocteau, Saint Joseph 97480, Réunion",ZA des gregues,7A Rue Jean Cocteau,Saint Joseph 97480,-21.3753185,55.601989599999996,4.8,13,,+262 693 91 81 09,ChIJLS9n79cNeCERqxi1wBWaY2E,Fitness centre,Indian/Reunion
CrossFit La Fournaise,"CrossFit La Fournaise, 14 rue leonel Francoise, L'Étang-Salé 97427, Réunion",14 rue leonel Francoise,L'Étang-Salé 97427,Réunion,-21.2775075,55.3696735,4.8,29,http://www.lafournaisecrossfit.com/,+262 262 18 93 19,ChIJ5SKUU5qjgiER8H1WJcfBlbs,Gym,Indian/Reunion
"Mahavéli Fit SUD, St-Pierre","Mahavéli Fit SUD, St-Pierre, 258 Rue Marius et Ary Leblond, Saint-Pierre 97410, Réunion",258 Rue Marius et Ary Leblond,Saint-Pierre 97410,Réunion,-21.3344184,55.462668,4.9,146,https://www.mahaveli.fr/,+33 1 79 35 19 74,ChIJcT8_Us-ggiERLD1xXxcAQNw,"Fitness centre, Gym, Sports complex",Indian/Reunion
Dundee Strength Unit,"6, Dundee Strength Unit, Douglas Court, W Henderson's Wynd, Dundee DD1 5BY",6,Douglas Court,W Henderson's Wynd,56.462211399999994,-2.9858579,4.8,36,http://facebook.com/dundeestrengthunit,07510 599325,ChIJAQBQOcZchkgR7frcYUa-41w,Gym,Europe/London
"Fortitude | Personal Training and Group fitness Gym, Lydney, Forest of Dean","Unit 1-2, Fortitude | Personal Training and Group fitness Gym, Lydney, Forest of Dean, Old Farmer Stores, Church Rd, Lydney GL15 5EB",Unit 1-2,Old Farmer Stores,Church Rd,51.7225171,-2.5359059999999998,5,78,https://www.fortitudegym.co.uk/,07360 278781,ChIJTac5sbm8cUgRJKm6Qdj1BWg,"Gym, Personal trainer",Europe/London
Sport e Salute - Scuola dello Sport,"Sport e Salute - Scuola dello Sport, Largo Giulio Onesti, 1, 00197 Roma RM, Italy","Largo Giulio Onesti, 1",00197 Roma RM,Italy,41.9371205,12.493407,4.8,64,http://www.sportesalute.eu/,+39 06 3272 9162,ChIJC5nREi9hLxMRAJnBrAb-vqE,Sports school,Europe/Rome
Altrincham weightlifting club,"Altrincham weightlifting club, Unit 1, Blue Chip Business Centre, Atlantic St, Altrincham WA14 4DD","Unit 1, Blue Chip Business Centre",Atlantic St,Altrincham,53.3982925,-2.3616683,5,7,http://www.awlc.co.uk/,,ChIJfV6Evgute0gRFRgbwGLUfbg,Fitness centre,Europe/London
Clermont Sports Haltérophilie,"Clermont Sports Haltérophilie, 70 Rue de la Combe, 34800 Clermont-l'Hérault, France",70 Rue de la Combe,34800 Clermont-l'Hérault,France,43.6326381,3.4301744999999997,4.2,115,,+33 4 67 96 35 87,ChIJY5L-65pdsRIRoJKwSThs1U8,Sports complex,Europe/Paris
OWA Weightlifting,"OWA Weightlifting 99B Gillies Avenue, Epsom, Auckland 1023, New Zealand",99B Gillies Avenue,Epsom,Auckland 1023,-36.8741378,174.7727449,,,http://owa.nz/,+64 22 359 7005,ChIJRTQO0tdHDW0RoZzqCUYohDQ,Gym,Pacific/Auckland
Kääriku Spordikeskus,"Kääriku Spordikeskus, Kääriku, 67309 Valga maakond, Estonia",Kääriku,67309 Valga maakond,Estonia,58.003524299999995,26.3905235,4.8,600,http://www.kaariku.ee/?y_source=1_OTA0ODQ0OS03MTUtbG9jYXRpb24ud2Vic2l0ZQ%3D%3D,+372 766 5600,ChIJvbMBMRoO60YRUywb-V-AYU0,"Hotel, Conference Centre, Gym, Hiking area, Holiday home, Hostel, Recreation Centre, Sauna, Sports complex, Stadium",Europe/Tallinn
Vondelgym Zuid,"Vondelgym Zuid, Eduard van Beinumstraat 110, 1077 CZ Amsterdam, Netherlands",Eduard van Beinumstraat 110,1077 CZ Amsterdam,Netherlands,52.3397532,4.8703880999999996,4.2,76,http://www.vondelgym.nl/,+31 20 333 1753,ChIJnX8DkzoLxkcRtmaPvfsX928,"Sports school, Boxing club, Boxing Gym, Boxing ring, Fitness centre, Gym, Kickboxing school, Personal trainer, Sports club",Europe/Amsterdam
Warriors Functional Fitness Center,"Warriors Functional Fitness Center, Yasemin Sk, Lefkoşa 2360, Cyprus",Yasemin Sk,Lefkoşa 2360,Cyprus,35.1997551,33.3600609,5,28,http://www.warriorffc.com/,+90 533 862 51 57,ChIJ-fs1JAAX3hQR15lisnCSVv8,Gym,Asia/Famagusta
POWERCAMP Bordeaux,"POWERCAMP Bordeaux, 16 Rue Georges Barres, 33300 Bordeaux, France",16 Rue Georges Barres,33300 Bordeaux,France,44.8890762,-0.5464047,4.9,109,http://powercamp.fr/,+33 7 86 35 80 54,ChIJ7X8ECR8pVQ0RMM3TKTPshv8,"Sports club, Fitness centre, Gymnastics club, Osteopath, Weightlifting area",Europe/Paris
Australian Institute of Sport,"Australian Institute of Sport, Leverrier St, Bruce ACT 2617, Australia",Leverrier St,Bruce ACT 2617,Australia,-35.2466186,149.1037801,4.4,292,http://www.ausport.gov.au/,+61 2 6214 1111,ChIJdytEFUutF2sReC65bT2yX8w,Sports school,Australia/Sydney
Salle de sport Tarbes-fitness-club,"Salle de sport Tarbes-fitness-club, 36 Rue Joseph Nelli, 65000 Tarbes, France",36 Rue Joseph Nelli,65000 Tarbes,France,43.239543499999996,0.08139009999999999,4.9,230,https://www.tarbes-fitness-club.fr/,+33 6 41 32 01 89,ChIJSTSRTIrTqRIR_iHVyy6PH5o,Gym,Europe/Paris
Tonic Club Agen,"Tonic Club Agen, 1371 Av. du Général Leclerc, 47000 Agen, France",1371 Av. du Général Leclerc,47000 Agen,France,44.1901114,0.6159939999999999,4.9,87,http://crossfitagen.fr/,+33 6 01 79 82 91,ChIJq93bjQGzqxIRAP-f-ZVj1EQ,"Sports club, Club, Gym",Europe/Paris
Sporting Club de Neuilly,"Sporting Club de Neuilly, Île du Pont, 92200 Neuilly-sur-Seine, France",Île du Pont,92200 Neuilly-sur-Seine,France,48.8854378,2.2536937,4.5,127,http://www.scneuilly.com/,+33 1 47 47 29 68,ChIJFeYirBNl5kcRTMRWu-IRWmk,"Weightlifting area, Physical Fitness Programme, Sports complex",Europe/Paris
Rueil AC Weightlifting Muscle Toning,"Rueil AC Weightlifting Muscle Toning, 34 Rue des Bons Raisins, 92500 Rueil-Malmaison, France",34 Rue des Bons Raisins,92500 Rueil-Malmaison,France,48.872413599999994,2.1934006,4.9,49,http://www.rac-haltero-muscu.com/,+33 1 41 42 13 68,ChIJg3uNUbpk5kcR4pQrYk3D6io,"Gym, Voluntary organisation",Europe/Paris
Club Haltérophilie Musculation Weightlifting Club de Cachan.,"Club Haltérophilie Musculation Weightlifting Club de Cachan., 25 Av. de l'Europe, 94230 Cachan, France",25 Av. de l'Europe,94230 Cachan,France,48.7847164,2.3250715,4.6,15,http://www.facebook.com/groups/haltero.cachan/,+33 1 41 24 09 12,ChIJzdwGpC9x5kcRirEID_EhbP0,Sports club,Europe/Paris
Barbell Union,"Barbell Union, 98 Av. Léon Blum, 38100 Grenoble, France",98 Av. Léon Blum,38100 Grenoble,France,45.162786999999994,5.716279699999999,4.9,225,https://barbellunion.fr/,+33 6 60 70 01 51,ChIJo7l910b1ikcRmCzWmuzpjlA,"Fitness centre, Gym, Pilates studio, Sports club, Yoga studio",Europe/Paris
CrossFit Menestys,"CrossFit Menestys, Rue Clément Ader, 49000 Angers, France",Rue Clément Ader,49000 Angers,France,47.487092399999995,-0.5455679,5,124,https://www.crossfit-menestys.fr/,+33 7 81 88 06 30,ChIJsZgXVP55CEgRijTDK6ByZ34,"Gym, Fitness centre",Europe/Paris
Haltero Monteux,"Haltero Monteux, 86 Av. Edouard Grangier, 84170 Monteux, France",86 Av. Edouard Grangier,84170 Monteux,France,44.037402799999995,4.9996002,4.8,18,http://eearhalterophilie.fr/,+33 6 60 11 13 58,ChIJTWfFsb2LtRIRDikOMQ0MQbc,Gym,Europe/Paris
AS Monaco - Club d’Haltérophilie,"AS Monaco - Club d’Haltérophilie, 7 Av. des Castelans, 98000, Monaco",7 Av. des Castelans,98000,Monaco,43.7279671,7.4149749,3.7,3,,,ChIJlaFo-L7DzRIRLvquGwIMuPM,Weightlifting area,Europe/Monaco
Club Haltérophile Luxovien,"Club Haltérophile Luxovien, Palais des Sports, 4 Bd Richet, 70300 Luxeuil-les-Bains, France",Palais des Sports,4 Bd Richet,70300 Luxeuil-les-Bains,47.8166614,6.3767286,4.8,23,https://www.instagram.com/ch_luxovien/,,ChIJt9NaTQxWkkcRF_dxs5s9Bt0,"Sports complex, Fitness centre, Weightlifting area",Europe/Paris
HALTEROPHILIE CLUB AVALLONNAIS,"HALTEROPHILIE CLUB AVALLONNAIS, Av. Victor Hugo, 89200 Avallon, France",Av. Victor Hugo,89200 Avallon,France,47.487295499999995,3.8970659,4.6,53,http://www.hcavallon.com/,+33 3 86 31 60 05,ChIJ2RjfFTwb7kcR3VjXsBjkt60,"Sports club, Gym",Europe/Paris
Cercle Michelet Orléans,"Cercle Michelet Orléans, 73 Bd Marie Stuart, 45000 Orléans, France",73 Bd Marie Stuart,45000 Orléans,France,47.9112673,1.931485,4.4,63,https://cmo-club.fr/,+33 2 38 80 51 20,ChIJE9aSrVLj5EcRPFdxoDeef-4,"Gym, Sports club",Europe/Paris
Club Haltérophilie Musculation Vauzelles,"Club Haltérophilie Musculation Vauzelles, 36 Rue Marcel Turpin, 58640 Varennes-Vauzelles, France",36 Rue Marcel Turpin,58640 Varennes-Vauzelles,France,47.009763799999995,3.1431961999999998,4.7,3,,+33 6 69 03 01 04,ChIJYYtPl-RF8EcRW0r7NLkEtqM,Voluntary organisation,Europe/Paris
The Box by Expression Athlétique,"The Box by Expression Athlétique, 36 Rue de Nexon, 87000 Limoges, France",36 Rue de Nexon,87000 Limoges,France,45.819384299999996,1.2637890999999999,5,115,http://www.thebox-limoges.fr/,+33 5 87 08 29 45,ChIJuRL1fEzL_kcRx2AuoKcAwCY,"Fitness centre, Coaching service, Coaching center, Gym, Parkour spot, Sports club, Weightlifting area",Europe/Paris
Istres Sport Haltérophilie Musculation Fitness,"Istres Sport Haltérophilie Musculation Fitness, Chem. de la Combe aux Fées, 13800 Istres, France",Chem. de la Combe aux Fées,13800 Istres,France,43.500842299999995,4.995976199999999,4.6,24,http://istressporthalterophilie.fr/,,ChIJmw-i_ZIcthIRw3VXbHvsGQ0,Gym,Europe/Paris
The Arena Gym,"The Arena Gym, Godfrey Pl, Tralee, Co. Kerry, V92 Y240, Ireland",Godfrey Pl,Tralee,Co. Kerry,52.2676884,-9.7089921,4.8,98,https://linktr.ee/the.arena.gym,+353 66 719 4414,ChIJw4KnZV01RUgRQVlh94Wa6yo,"Gym, Fitness centre, Personal trainer",Europe/Dublin
Freedom Weightlifting,"Freedom Weightlifting, 1109 Old Okeechobee Rd, West Palm Beach, FL 33401, United States",1109 Old Okeechobee Rd,"West Palm Beach, FL 33401",United States,26.701181499999997,-80.06427529999999,5,25,http://freedomweightlifting.com/,+1 561-358-2679,ChIJ68lsclTX2IgRdNKfKDE7lVQ,Gym,America/New_York
Vero Beach Weightlifting,"Vero Beach Weightlifting, 490 Old Dixie Hwy SW Unit 104, Vero Beach, FL 32962, United States",490 Old Dixie Hwy SW Unit 104,"Vero Beach, FL 32962",United States,27.595157999999998,-80.38282749999999,,,http://vbweightlifting.com/,,ChIJYVe5tV5f3ogRKs9hAl-35Cw,Weightlifting area,America/New_York
Team Soul Miami,"Team Soul Miami, 7360 SW 24th St APT 31, Miami, FL 33155, United States",7360 SW 24th St APT 31,"Miami, FL 33155",United States,25.7468476,-80.3147821,4.9,112,https://teamsoultraining.com/,+1 305-668-2898,ChIJLxbjDWW42YgRZHml134Slgk,"Gym, Fitness centre, Personal trainer, Weight-Loss Service, Wellness Programme",America/New_York
Weightlifting Academy of Tasmania,"Weightlifting Academy of Tasmania, 110 Mornington Rd, Mornington TAS 7018, Australia",110 Mornington Rd,Mornington TAS 7018,Australia,-42.861427899999995,147.4030833,5,6,http://weightliftingacademy.com.au/,+61 423 767 955,ChIJWRjL8Zt0bqoRT_9OM6JRIvM,"Association / Organization, Club",Australia/Hobart
South Australian Sports Institute,"South Australian Sports Institute, 145B Railway Terrace, Mile End SA 5031, Australia",145B Railway Terrace,Mile End SA 5031,Australia,-34.9300243,138.57675509999999,4.3,6,http://www.sasi.sa.gov.au/,+61 1300 714 990,ChIJYcv6tLrFsGoRnnjwXqanc8k,Sports school,Australia/Adelaide
Winners 2000 Fitness - Torquay,"Winners 2000 Fitness - Torquay, 168-174 Teignmouth Rd, Torquay TQ1 4RY",168-174 Teignmouth Rd,Torquay,TQ1 4RY,50.4820183,-3.5360837999999997,4.7,187,https://www.winners2000.co.uk/torquay/,01803 327561,ChIJC-cLyrgPbUgRHDSDcL86nS8,"Gym, Fitness centre",Europe/London
UnScared,"UnScared, 2e Daalsedijk 4b, 3551 EJ Utrecht, Netherlands",2e Daalsedijk 4b,3551 EJ Utrecht,Netherlands,52.0972856,5.102632799999999,4.9,222,http://unscared.fitness/,+31 30 227 1612,ChIJE0w8M2xvxkcR1TAYI_7Awpw,"Gym, Athletic Club, Fitness centre, Personal trainer",Europe/Amsterdam
Hackney Weightlifting Club,"Hackney Weightlifting Club, Meeting Field Path, London E9 6RT",Meeting Field Path,London,E9 6RT,51.5465233,-0.0496736,5,30,http://www.hackneyweightliftingclub.co.uk/,07432 712495,ChIJ_941KuMcdkgR1_H_1uceMpo,Gym,Europe/London
Fitness Renaissance,"Fitness Renaissance, Crystal Palace National Sports Centre, Ledrington Rd SE19 2BB",Crystal Palace National Sports Centre,Ledrington Rd,SE19 2BB,51.420313099999994,-0.0678998,5,109,https://www.fit-ren.com/,07809 701428,ChIJRVUFnHIBdkgRVP_EhktxedA,"Personal trainer, Hypnotherapy service, Nutritionist, Osteopath",Europe/London
Bounce gym and Injury Clinic,"Bounce gym and Injury Clinic, 30 High St, New Malden KT3 4HE",30 High St,New Malden,KT3 4HE,51.4024602,-0.2557559,4.7,129,http://www.bouncegym.co.uk/,020 8949 3163,ChIJi1p2GhMJdkgRWnaioPOHLF0,Gym,Europe/London
Ealing Weightlifting Club - Stars For The Future,"Ealing Weightlifting Club - Stars For The Future, Stockdove Way, Perivale, Greenford UB6 8TJ",Stockdove Way,Perivale,Greenford,51.533107,-0.3369935,5,73,http://www.starsforthefuture.com/,07958 685884,ChIJE0INi4wSdkgRNjgb3mvAU1I,Gym,Europe/London
CrossFit Verulamium,"CrossFit Verulamium, Burston Nurseries, N Orbital Rd, Chiswell Green, St Albans AL2 2DS",Burston Nurseries,N Orbital Rd,Chiswell Green,51.7201242,-0.3599247,5,26,http://crossfitverulamium.com/,07585 778388,ChIJlXnuhsM_dkgRnYwo5-fxuNI,Gym,Europe/London
CrossFit 3216 - Hamilton,"CrossFit 3216 - Hamilton 23 Claudelands Road, Hamilton East, Hamilton 3216, New Zealand",23 Claudelands Road,Hamilton East,Hamilton 3216,-37.781014,175.28999159999998,4.8,46,http://www.crossfit3216.co.nz/,+64 22 656 3898,ChIJyU-FVr4YbW0R0YlKd605Vsc,Gym,Pacific/Auckland
Woking Weightlifting Club,"Woking Weightlifting Club, Leisure Centre, Kingfield Rd, Woking GU22 9BA",Leisure Centre,Kingfield Rd,Woking,51.309670399999995,-0.5564705999999999,5,1,,07534 077238,ChIJDxK7bRXZdUgRP38gO0rt18g,Sports club,Europe/London
Wolfhouse Gym,"Wolfhouse Gym, North Rd, Fort William PH33 6SU",North Rd,Fort William,PH33 6SU,56.8242371,-5.0903626,5,64,http://www.wolfhousegym.com/,,ChIJby28qAvLjkgRPUkHk5dAFlc,"Gym, Leisure centre, Personal trainer, Sports complex, Weightlifting area",Europe/London
Qmotion Sport and Fitness Centre,"Qmotion Sport and Fitness Centre, 15 Bancroft Rd, London E1 4FZ",15 Bancroft Rd,London,E1 4FZ,51.5232398,-0.0429605,4.2,226,http://www.qmsu.org/qmotion,020 7882 8040,ChIJJ2z34SgddkgR7BAlngoKk3w,"Gym, Badminton court, Basketball court, Fitness centre, Personal trainer, Sports complex, Squash court, Volleyball court",Europe/London
Manchester Strength & Conditioning,"Unit O4, Manchester Strength & Conditioning, Pearl Mill, Industrial Estate, Stockport Rd W, Lower Bredbury, Stockport SK6 2BP","Unit O4, Pearl Mill, Industrial Estate",Stockport Rd W,Lower Bredbury,53.414456599999994,-2.1339520999999997,5,23,http://www.manchestersc.co.uk/,07970 441171,ChIJwd67EIq0e0gR_qamqAxjDbE,"Gym, Massage therapist, Personal trainer, Physical Fitness Programme, Sports massage therapist, Weight-Loss Service, Weightlifting area",Europe/London
Rocky Top CrossFit,"Rocky Top CrossFit, 1412 N 6th Ave, Knoxville, TN 37917, United States",1412 N 6th Ave,"Knoxville, TN 37917",United States,35.9863135,-83.9139386,4.9,59,http://rockytopcrossfit.com/,+1 865-599-2527,ChIJOWyfQ84XXIgRYhneL285WEY,"Physical Fitness Programme, Personal trainer, Sports club",America/New_York
Breakthrough Fitness Australia,"Breakthrough Fitness Australia, 200 Railway Terrace, Merrylands NSW 2161, Australia",200 Railway Terrace,Merrylands NSW 2161,Australia,-33.8462333,150.9906311,5,213,https://bt-merchandise-and-fitness-accessories.myshopify.com/?utm_source=ig&utm_medium=social&utm_content=link_in_bio&fbclid=PAdGRleAP4xQxleHRuA2FlbQIxMQBzcnRjBmFwcF9pZA8xMjQwMjQ1NzQyODc0MTQAAacZUb1yrkbSBo5WjAgUNY1N_eFsM35K3l_ZbvNlAz2e_cPCLlRq3axAZQpjGA_aem_VSfbnQ7tSDvAK0QHt2JTqg,+61 400 626 308,ChIJ1ShR8jyYEmsRB8U5si3n1sk,Gym,Australia/Sydney
Uplift Lifting Club,"Uplift Lifting Club, Kerrs Rd, Lidcombe NSW 2141, Australia",Kerrs Rd,Lidcombe NSW 2141,Australia,-33.866403999999996,151.0413442,5,86,http://www.upliftgym.com.au/,+61 452 404 004,ChIJVwfJYJS9EmsRLWSeCmoQOK8,"Personal trainer, Training centre, Weightlifting area, Women's personal trainer",Australia/Sydney
Herakles,"Herakles, Ratsastie 10, 00280 Helsinki, Finland",Ratsastie 10,00280 Helsinki,Finland,60.198806,24.9103198,5,4,http://herakles.fi/,,ChIJ2-TrivMJkkYRhfxh63RYGF0,Gym,Europe/Helsinki
Pittsburgh Barbell Club,"Pittsburgh Barbell Club, 331 Station St, Bridgeville, PA 15017, United States",331 Station St,"Bridgeville, PA 15017",United States,40.3588576,-80.11299509999999,4.8,21,https://pghbarbell.com/,+1 412-310-5398,ChIJ4f-7yO5XNIgRrw20CbjVclQ,Gym,America/New_York
CrossFit 717,"CrossFit 717, 836 Market St, Lemoyne, PA 17043, United States",836 Market St,"Lemoyne, PA 17043",United States,40.2430697,-76.90218829999999,4.9,116,https://crossfit717.com/,+1 717-418-9410,ChIJ4z8WAJrByIkR1ulsQGjKFXc,"Physical Fitness Programme, Gym",America/New_York
PWRBLD Gym KOP,"PWRBLD Gym KOP, 167 Town Center Rd, King of Prussia, PA 19406, United States",167 Town Center Rd,"King of Prussia, PA 19406",United States,40.094135,-75.3693079,5,1126,http://www.pwrbldgym.com/,+1 484-231-1252,ChIJ6znZ1NKVxokRLYf0cPfBhng,Gym,America/New_York
gymnase des Deux Canons Paul Jouglas,"gymnase des Deux Canons Paul Jouglas, 3 Rue du Gymnase, Saint-Denis 97400, Réunion",3 Rue du Gymnase,Saint-Denis 97400,Réunion,-20.8868014,55.477476599999996,3.7,19,,,ChIJozl55HZ_giER1xBSzX-uW6Y,Gym,Indian/Reunion
Atlanta Barbell,"Atlanta Barbell, 185 Sams St B, Decatur, GA 30030, United States",185 Sams St B,"Decatur, GA 30030",United States,33.771843,-84.2832025,4.7,129,http://www.atlantabarbell.com/,,ChIJJRdP980G9YgRstWa-vwIAZ8,"Gym, Fitness centre, Personal trainer, Physical Fitness Programme, Wellness Centre",America/New_York
Glasgow City Barbell Club,"Glasgow City Barbell Club, 588 Glasgow Rd, Clydebank G81 1NH",588 Glasgow Rd,Clydebank,G81 1NH,55.8904967,-4.387436999999999,5,7,https://instagram.com/glasgowcitybarbell?utm_medium=copy_link,07971 638689,ChIJB36gOQlPiEgRJj_-48YCUGM,Gym,Europe/London
Guildford Weightlifting,"Unit 2, Guildford Weightlifting, Weightlifting, Pew Corner, Old Portsmouth Rd, Guildford GU3 1LP","Unit 2, Weightlifting",Pew Corner,Old Portsmouth Rd,51.2195319,-0.5793961,5,4,https://www.facebook.com/guildfordweightlifting/,07890 968154,ChIJC3D83GHQdUgRz3jwCf8QrKA,Gym,Europe/London
Complete Performance,"Complete Performance, 3 Whitney Rd, Basingstoke RG24 8NS",3 Whitney Rd,Basingstoke,RG24 8NS,51.2744247,-1.0667058,5,68,http://complete-performance.co.uk/,01256 840333,ChIJ-9UogW4hdEgRpCyA6-dMxcg,"Gym, Fitness centre, Personal trainer",Europe/London
Société Athlétique Montmartroise,"Société Athlétique Montmartroise, Centre sportif Bertrand Dauvin, 12 Rue René Binet, 75018 Paris, France",Centre sportif Bertrand Dauvin,12 Rue René Binet,75018 Paris,48.8994691,2.3423243,4.1,41,https://www.paris-sam.fr/,+33 6 37 85 24 74,ChIJ32_aS_Ru5kcRVEJesTwPax0,Weightlifting area,Europe/Paris
Team Cavanagh Weightlifting,"Team Cavanagh Weightlifting, 719a South St, Glasgow G14 0QQ",719a South St,Glasgow,G14 0QQ,55.8728348,-4.34133,5,12,,+44 78556342,ChIJT3dCd5hHiEgRMg92wsDczco,"Sports club, Gym",Europe/London
Easm Entente Athletique,"Easm Entente Athletique, Complexe Robert Monceau, 12 Av. Paul Berniard, 33160 Saint-Médard-en-Jalles, France",Complexe Robert Monceau,12 Av. Paul Berniard,33160 Saint-Médard-en-Jalles,44.8839149,-0.70795,4.8,11,https://www.easm33160.com/,+33 5 57 93 01 94,ChIJFWm0_PzQVA0R3C4w2V9DC5s,Sports club,Europe/Paris
CrossFit Murrayfield,"CrossFit Murrayfield, 16 Sauchiebank, Edinburgh EH11 2NN",16 Sauchiebank,Edinburgh,EH11 2NN,55.94247,-3.2274369999999997,4.9,135,http://www.crossfitmurrayfield.com/,07853 990554,ChIJuQOUWanHh0gR4r0NGAeTalA,Fitness centre,Europe/London
AFHMA Haltérophilie-Musculation,"AFHMA Haltérophilie-Musculation, Bd Rhin et Danube, 95130 Franconville, France",Bd Rhin et Danube,95130 Franconville,France,48.991909799999995,2.2205044,4.8,9,,,ChIJk5R0hT1n5kcRgE5UISAlOXA,Sports club,Europe/Paris
Orkney Amateur Weight Lifting Club,"Orkney Amateur Weight Lifting Club, Cairston Rd, Stromness KW16 3JS",Cairston Rd,Stromness,KW16 3JS,58.9694496,-3.2915408,,,https://www.facebook.com/OrkneyWeightlifting/,07740 883034,ChIJb4-_SNX7mkgR0KjrAMKAPjY,Sports club,Europe/London
SoCal Weightlifting,"SoCal Weightlifting, 3595 Cadillac Ave #103, Costa Mesa, CA 92626, United States",3595 Cadillac Ave #103,"Costa Mesa, CA 92626",United States,33.7002191,-117.92997749999999,5,218,http://socalwlc.com/,+1 949-228-9125,ChIJz78YOO4t3YARYfQ7XMO6ioI,Weightlifting area,America/Los_Angeles
Inverness Leisure,"Inverness Leisure, Bught Ln, Inverness IV3 5SS",Bught Ln,Inverness,IV3 5SS,57.464054,-4.2393564,4.2,1394,https://www.highlifehighland.com/il/,01463 667500,ChIJ8UKW3OFzj0gRU8umdYIrxNg,"Leisure centre, Athletic track, Gym, Public swimming pool, Rock climbing, Tourist attraction",Europe/London
Kolmar,"Kolmar Sutton Crescent, Papatoetoe, Auckland 1062, New Zealand",Sutton Crescent,Papatoetoe,Auckland 1062,-36.9724417,174.8616013,4.3,241,http://www.kolmar.org.nz/,+64 9 277 6710,ChIJHx_SKdVNDW0RvhlqqTS7orQ,Sports complex,Pacific/Auckland
Tōnuitanga. Prosperous Fitness,"Tōnuitanga. Prosperous Fitness 12 Ihakara Street, Paraparaumu 5032, New Zealand",12 Ihakara Street,Paraparaumu 5032,New Zealand,-40.919613299999995,175.0012318,5,6,https://www.tonuitanga.com/,+64 27 310 9951,ChIJq6gGmxShQG0RIXSHQMW5a3Y,Wellness Programme,Pacific/Auckland
Brooklyn Training Hall,"Brooklyn Training Hall, 321 Scholes St, Brooklyn, NY 11206, United States",321 Scholes St,"Brooklyn, NY 11206",United States,40.709742999999996,-73.935468,5,44,https://brooklyntraininghall.com/,+1 347-470-7743,ChIJ-47a3j1fwokRk2iIDA5H0sg,"Gym, Weightlifting area",America/New_York
JDI Barbell Harlem,"JDI Barbell Harlem, 1767 Park Ave, New York, NY 10035, United States",1767 Park Ave,"New York, NY 10035",United States,40.803241899999996,-73.9398856,4.8,144,http://www.jdibarbell.com/,+1 347-477-0089,ChIJSTCw2tdYwokRbAmQ0DjO_YY,Gym,America/New_York
Strength Academy Wales,"Strength Academy Wales, Pembrokeshire Sports Village, Haverfordwest SA61 2NX",Pembrokeshire Sports Village,Haverfordwest,SA61 2NX,51.806113599999996,-4.9610319,4.6,46,http://www.strengthacademy.wales/,,ChIJoSL-Q28vaUgRl0ssUZJHjg8,"Gym, Sports club",Europe/London
SSC Weightlifting,"SSC Weightlifting, Osborne Rd, Pontypool NP4 6LX",Osborne Rd,Pontypool,NP4 6LX,51.7041891,-3.0419422999999997,4.1,9,https://www.facebook.com/Willpowerweightliftingclub/,01495 757586,ChIJmx-Q5ZTecUgRHwoEkjhVj3k,Gym,Europe/London
Sunshine Coast Weightlifting Club,"Sunshine Coast Weightlifting Club, 20 Crusher Park Dr, Nambour QLD 4560, Australia",20 Crusher Park Dr,Nambour QLD 4560,Australia,-26.618933799999997,152.973425,5,2,http://www.facebook.com/sunnycoastweights,+61 457 368 277,ChIJBWWbKql5k2sRUdULtTrRd0o,Gym,Australia/Brisbane
Complexul Sportiv National Poiana Brasov,"Complexul Sportiv National Poiana Brasov, Unnamed Road, 500001 Brașov, Romania",Unnamed Road,500001 Brașov,Romania,45.5891747,25.5486611,4.4,96,https://csnpoianabrasov.ro/,,ChIJy_vxxYJEs0ARbxW-L0JlyFs,Amusement Centre,Europe/Bucharest
BlueWave Fitness & Weightlifting Club,"BlueWave Fitness & Weightlifting Club, 7523 Chapel Ave, Fort Worth, TX 76116, United States",7523 Chapel Ave,"Fort Worth, TX 76116",United States,32.7215007,-97.4460725,5,55,https://www.bluewavefitness.com/,+1 682-551-3069,ChIJlRX8MMZzToYR0AdbJFcCCi4,"Physical Fitness Programme, Gym",America/Chicago
East London Weightlifting,"East London Weightlifting, 325 Acton Mews, London E8 4EF",325 Acton Mews,London,E8 4EF,51.5381066,-0.07581729999999999,5,5,http://www.eastlondonweightlifting.co.uk/,,ChIJ-4ctDZwddkgRocT5qAU5Kxw,"Weightlifting area, Gym, Personal trainer",Europe/London
Ironwood Barbell,"Ironwood Barbell, 262 Prospect Rd, Prospect SA 5082, Australia",262 Prospect Rd,Prospect SA 5082,Australia,-34.8756439,138.5928315,5,17,http://www.ironwoodbarbellclub.com/,+61 450 585 053,ChIJudh02nrJsGoR8nMv3CRJ090,Gym,Australia/Adelaide
Orwell Fitness,"Unit 1, Orwell Fitness, Barn, 7 Peppers Lane, Ipswich IP9 2AB",Unit 1,Barn,7 Peppers Lane,52.0237974,1.1550616999999999,5,176,https://www.orwellfitness.com/,01473 875141,ChIJpQXDsyah2UcR2z9XjBiJC0Y,"Gym, Fitness centre, Physical Fitness Programme, Weightlifting area",Europe/London
Powerhouse Barbell Club,"LG/F, Powerhouse Barbell Club, Silver Fortune Plaza, 1 Wellington St, Central, Hong Kong",LG/F,Silver Fortune Plaza,1 Wellington St,22.2811152,114.15612569999999,5,48,https://www.powerhousebarbellclub.com/,+852 5119 0995,ChIJra8tJmcBBDQRycR-WVBwBM0,Gym,Asia/Hong_Kong
Tidal Weightlifting,"Tidal Weightlifting, 7 Glenealy, Central, Hong Kong",7 Glenealy,Central,Hong Kong,22.2794317,114.1548782,4.7,30,https://www.tidal-weightlifting.com/,+852 6795 9922,ChIJjWetaU0BBDQRiW6aE1ubZqg,"Gym, Fitness centre, Weightlifting area",Asia/Hong_Kong
Milton Weightlifting Club,"Milton Weightlifting Club, 40 Mayne Rd, Bowen Hills QLD 4006, Australia",40 Mayne Rd,Bowen Hills QLD 4006,Australia,-27.446014599999998,153.03494379999998,5,9,https://www.miltonoly.org/,,ChIJcx6G5YJZkWsR86YQXvS3h5U,Sports club,Australia/Brisbane
UAC force athletique Haltérophilie Musculation Culturisme,"UAC force athletique Haltérophilie Musculation Culturisme, 3 Rue Jean Monnet, 16100 Châteaubernard, France",3 Rue Jean Monnet,16100 Châteaubernard,France,45.6748628,-0.3189931,4.6,13,https://www.facebook.com/profile.php?id=100027966326937,,ChIJl2PsEmvzAEgRJKJD-wOPRUI,Sports club,Europe/Paris
Savoie Barbell Team,"Savoie Barbell Team, 660 Rue de Roberty, 73000 Chambéry, France",660 Rue de Roberty,73000 Chambéry,France,45.5975575,5.8986072,5,19,http://savoiebarbellteam.fr/,+33 6 46 80 35 48,ChIJuZlbh0Cpi0cRcjhY5alrIzQ,Sports club,Europe/Paris
MyFit,"MyFit, 31 Imp. du Fier, 74370 Epagny Metz-Tessy, France",31 Imp. du Fier,74370 Epagny Metz-Tessy,France,45.926411699999996,6.1161191,4.7,214,https://myfit.fr/,+33 4 50 60 21 60,ChIJlzqmjXmFi0cRMU71prG-l4U,"Gym, Fitness centre",Europe/Paris
PTL CrossFit Geneva,"PTL CrossFit Geneva, Rte de Saint-Julien 65, 1212 Genève, Switzerland",Rte de Saint-Julien 65,1212 Genève,Switzerland,46.1732058,6.128272399999999,5,11,https://ptlgeneva.ch/,,ChIJgTmm3-l7jEcRKLD887dbMnE,Sports club,Europe/Zurich
GymNation Downtown Dubai | Best Gym in Downtown Dubai,GymNation Downtown Dubai | Best Gym in Downtown Dubai - South Heights Tower A - Dubai - United Arab Emirates,South Heights Tower A,Dubai,United Arab Emirates,25.213169999999998,55.272619999999996,4.7,4221,https://gymnation.com/gymsnearme/downtown-dubai/,+971 4 444 4444,ChIJSZXqIDBDXz4RfFIZDzwAHdU,"Gym, Athletic Club, Boot camp, Boxing Gym, Fitness centre, Indoor cycling, Personal trainer, Spa and health club, Sports club, Weightlifting area",Asia/Dubai
Health & Fitness World,"Health & Fitness World, 69 William St, Launceston TAS 7250, Australia",69 William St,Launceston TAS 7250,Australia,-41.433555999999996,147.1363461,4.4,81,http://www.hfworld.com.au/,+61 3 6331 3133,ChIJvVewA-CmcKoRpoRHRDTj-6Y,"Gym, Personal trainer",Australia/Hobart
크라토스짐,"South Korea, Gyeonggi-do, Goyang-si, Ilsandong-gu, Gangseok-ro, 153 KR 크라토스짐","South Korea, Gyeonggi-do, Goyang-si, Ilsandong-gu, Gangseok-ro, 153",KR,,37.6541636,126.7774709,5,10,https://kratos.modoo.at/,+82 31-907-2009,ChIJjx8xAseFfDURnVoUZVxH7UE,Weightlifting area,Asia/Seoul
Atletika Weightlifting,"Atletika Weightlifting, 7/80 O'Riordan St, Alexandria NSW 2015, Australia",7/80 O'Riordan St,Alexandria NSW 2015,Australia,-33.9173419,151.1946758,4.9,41,http://sydneyweightlifting.com.au/,+61 449 526 072,ChIJY4lfUtyxEmsR4uBCZoXUFTI,Sports complex,Australia/Sydney
Singapore Weightlifting Federation,"3 Bedok North Street 2, Singapore Weightlifting Federation, Singapore 469643",3 Bedok North Street 2,Singapore 469643,,1.3265749999999998,103.93779699999999,4.8,13,http://www.swf.org.sg/,+65 6747 9330,ChIJVTQyrE8Y2jERLcM3jkMgcj4,Gym,Asia/Singapore
Summit Weightlifting Club,"Summit Weightlifting Club, 57 Chaston St, Wagga Wagga NSW 2650, Australia",57 Chaston St,Wagga Wagga NSW 2650,Australia,-35.1203626,147.3479715,5,20,https://summitstrengthperformance.com/,+61 499 080 991,ChIJfZ4BcliZGGsRJBuIgvNbpNA,Gym,Australia/Sydney
Associazione Pesistica Udinese,"Associazione Pesistica Udinese, Via Antonio Marangoni, 46, 33100 Udine UD, Italy","Via Antonio Marangoni, 46",33100 Udine UD,Italy,46.0594837,13.229368,4.1,14,,+39 0432 232108,ChIJXc297VU1ekcRfKoTFz6i8CM,Trade Union,Europe/Rome
Psych Weightlifting Club,"Psych Weightlifting Club, Unit 5 Leestone Rd, Sharston, Manchester M22 4RN",Unit 5 Leestone Rd,Sharston,Manchester,53.3972269,-2.2540266,4.9,47,http://www.psychweightlifting.co.uk/,07429 456021,ChIJb2-3KRlpekgRo2o2dK4y0b4,"Gym, Fitness centre, Weightlifting area",Europe/London
Sheffield Weightlifting Club,"Sheffield Weightlifting Club, 48-50 Hoyland Rd, Neepsend, Sheffield S3 8AB",48-50 Hoyland Rd,Neepsend,Sheffield,53.397472799999996,-1.4841011,5,17,https://www.sheffieldweightliftingclub.uk/,07783 653323,ChIJAeSA1Zx5eUgRdTlHJcWoEsI,Fitness centre,Europe/London
Elite Bodyworks,"Elite Bodyworks, Unit 10 Bessemer Rd, Basingstoke RG21 3NB",Unit 10 Bessemer Rd,Basingstoke,RG21 3NB,51.250892099999994,-1.1021615999999999,4.9,64,http://www.elite-bodyworks.com/,07852 134538,ChIJCegPIjAidEgRx5Lp-eyqHqM,Gym,Europe/London
Athlete Movement,"Athlete Movement, Passfield Mill Business Park, Mill Lane, Passfield, Liphook GU30 7QU",Passfield Mill Business Park,Mill Lane,Passfield,51.1029049,-0.8311695,4.9,115,https://athletemovement.com/,01428 751972,ChIJW6OmGq8zdEgROdfnPR48qvY,Gym,Europe/London
Hampshire Barbell Club,"Hampshire Barbell Club, The Club House, Portchester Community School, White Hart Ln, Portchester, Fareham PO16 9BD","The Club House, Portchester Community School",White Hart Ln,Portchester,50.8415652,-1.1274461,5,6,https://www.hampshirebarbellclub.co.uk/,07590 994041,ChIJ9VgcNZNddEgRYkE9bBhRC6M,Fitness centre,Europe/London
MSC Performance Strength & Conditioning Gym.,"MSC Performance Strength & Conditioning Gym., 57 Clement St, Birmingham B1 2SW",57 Clement St,Birmingham,B1 2SW,52.4818278,-1.9138083,4.9,131,http://www.mscperformance.co.uk/,,ChIJMT_vBPG8cEgRUUei5AGtoJE,"Gym, Sports complex, Sports injury clinic",Europe/London
Lincoln Lifting,"Lincoln Lifting, 6 Crofton Cl, Lincoln LN3 4NT",6 Crofton Cl,Lincoln,LN3 4NT,53.231495699999996,-0.5047638,5,48,http://www.lincolnlifting.co.uk/,07850 280770,ChIJXVhztjRbeEgRlQ7IcDKDVck,Gym,Europe/London
Red Beard Barbell Club,"Red Beard Barbell Club, Unit 2 Moor Farm, Holyport, Maidenhead SL6 2HY",Unit 2 Moor Farm,Holyport,Maidenhead,51.4971886,-0.7160436,5,51,,07854 426368,ChIJ77nZfOF9dkgRRXqPWnnztJI,Gym,Europe/London
Chichester Weightlifting Club,"Chichester Weightlifting Club, Unit 3 Delling Ln, Chichester PO18 8NW",Unit 3 Delling Ln,Chichester,PO18 8NW,50.8375899,-0.8513628,5,20,http://www.chichesterweightliftingclub.co.uk/,,ChIJ0RaN2zlNdEgRRpqZ2eVbd0c,Sports club,Europe/London
mettle Weightlifting & Strength Training Club,"mettle Weightlifting & Strength Training Club, 6-8 Stevenson Way, Sheffield S9 3WZ",6-8 Stevenson Way,Sheffield,S9 3WZ,53.3944421,-1.4351694,4.9,21,http://www.mettle.zone/,07734 842452,ChIJk_WjzHaCeUgRVPtzZWcVnVU,Gym,Europe/London
Nova Performance,"Unit 9, Nova Performance, Enfield Court, Nuffield Rd, St. Ives PE27 3NJ",Unit 9,Enfield Court,Nuffield Rd,52.337587,-0.06420139999999999,5,45,https://www.nova-performance.co.uk/,07845 718581,ChIJH24sPjHfd0gRKJpHSzOItyc,Gym,Europe/London
Maida Gym,"Maida Gym, Queen's Ave, Aldershot GU11 2BT",Queen's Ave,Aldershot,GU11 2BT,51.255297,-0.7644021,4.5,91,https://www.maidagym.com/,01252 333135,ChIJBQzmKqQsdEgRkqpoRTfdtdU,"Gym, Boxing Gym, Fitness centre, Indoor cycling, Judo club, Muay Thai boxing gym, Physical Fitness Programme, Weight-Loss Service, Weightlifting area, Women's personal trainer",Europe/London
Diamond Conditioning,"Diamond Conditioning, 7 James St, Llandudno LL30 2YD",7 James St,Llandudno,LL30 2YD,53.3232888,-3.8326949,4.9,15,https://m.facebook.com/diamondconditioning/,,ChIJ2ylFhMIfZUgRxudbVeAKu1E,Gym,Europe/London
Dartford Gym-Europa Weightlifting Club,"Dartford Gym-Europa Weightlifting Club, Temple Hill, Dartford DA1 5HX",Temple Hill,Dartford,DA1 5HX,51.450349599999996,0.2285398,4.7,74,,01322 223220,ChIJP3ugsZix2EcRv252hAFRyWE,"Gym, Dance school, Judo club, Muay Thai boxing gym, Football pitch, Weightlifting area",Europe/London
Brunel Weightlifting Club,"Brunel Weightlifting Club, Indoor Athletics Centre, Kingston Ln, Uxbridge UB8 3PH",Indoor Athletics Centre,Kingston Ln,Uxbridge,51.5325,-0.4697222,4.4,75,http://www.brunelweightlifting.com/,01895 267475,ChIJ_0I4UOBtdkgRBomMr-6Ydh0,"Weightlifting area, Sports complex",Europe/London
Bethnal Green Weight Lifting Club,"Bethnal Green Weight Lifting Club, 229 Bethnal Grn Rd, London E2 6AB",229 Bethnal Grn Rd,London,E2 6AB,51.5263748,-0.06794739999999999,4.8,97,https://bgwlc.co.uk/,,ChIJY1M8M8YcdkgROzRPJu0Rgjk,Weightlifting area,Europe/London
THE LIONS DEN,"36 Robinson Rd, B1-02 THE LIONS DEN, City House, Singapore 068877",36 Robinson Rd,B1-02,City House,1.2813463,103.8499435,5,35,http://thelionsden.fitness/,+65 8874 2981,ChIJq1RE3bcZ2jER30wF87WEr8s,Gym,Asia/Singapore
National Training Centre (Singapore Taekwondo Federation),"80 Lor Limau, National Training Centre (Singapore Taekwondo Federation), Singapore 320080",80 Lor Limau,Singapore 320080,,1.3238364,103.85577599999999,3.8,6,http://www.stf.sg/facilities,,ChIJL2daztkZ2jERD_Bxthvl0JE,Gym,Asia/Singapore
Stronger Together Cape Town,"Stronger Together Cape Town, 35 Sussex St, Woodstock, Cape Town, 7925, South Africa",35 Sussex St,"Woodstock, Cape Town",7925,-33.9283478,18.446654499999998,5,24,https://www.strongertogethercapetown.org/,+27 71 184 3067,ChIJjeBnql1dzB0RBIPBMdgQZJg,Fitness centre,Africa/Johannesburg
Dutch Strength,"Dutch Strength, Hobbemakade 7, 1071 XK Amsterdam, Netherlands",Hobbemakade 7,1071 XK Amsterdam,Netherlands,52.3583479,4.8862191,5,35,https://www.dutchstrength.com/,,ChIJsdIheu4JxkcRvmXsMSU2SeE,Gym,Europe/Amsterdam
SilverGiant Fitness,"SilverGiant Fitness, Al hayah academy gate 10, South Police Academy Passage, Cairo Governorate 4731501, Egypt",Al hayah academy gate 10,South Police Academy Passage,Cairo Governorate 4731501,30.030397699999998,31.4250756,4.6,156,http://www.silvergiantfitness.com/,+20 11 50088208,ChIJeZYVLCI9WBQRkFXP_2G1gTk,Gym,Africa/Cairo
DASGYM.- Intelligent Strength,"DASGYM.- Intelligent Strength, Handelskai 340, 1020 Wien, Austria",Handelskai 340,1020 Wien,Austria,48.2088646,16.427656199999998,4.9,1460,http://www.intelligentstrength.net/,+43 664 2517226,ChIJiTMtajEHbUcRJz4vb5Z5VVE,"Fitness centre, Gym",Europe/Vienna
Kingdom Barbell,"Unit 23, Kingdom Barbell, 25 Harnham Trading Estate, Salisbury SP2 8NW",Unit 23,25 Harnham Trading Estate,Salisbury,51.059174,-1.8219542,5,31,https://kingdombarbell.com/,07807 176939,ChIJ48GCE7jrc0gRln8clgQPPg4,"Gym, Personal trainer, Physical Fitness Programme, Sports club, Weight-Loss Service",Europe/London
Mem's Weightlifting Club,"Arch 22 & 25, Mem's Weightlifting Club, 22 Bondway, London SW8 1SQ",Arch 22 & 25,22 Bondway,London,51.4832775,-0.1252155,5,33,http://www.memsweightlifting.com/,07584 628909,ChIJa9HoyTAFdkgRvMAlCmporAo,Gym,Europe/London
